"LOCATION","INDICATOR","SUBJECT","MEASURE","FREQUENCY","TIME","Value","Flag Codes"
"AUT","BOP","TOT","PC_GDP","A","1995",-2.859428,
"AUT","BOP","TOT","PC_GDP","A","1996",-2.837173,
"AUT","BOP","TOT","PC_GDP","A","1997",-2.54446,
"AUT","BOP","TOT","PC_GDP","A","1998",-1.867106,
"AUT","BOP","TOT","PC_GDP","A","1999",-2.260479,
"AUT","BOP","TOT","PC_GDP","A","2000",-0.7078437,
"AUT","BOP","TOT","PC_GDP","A","2001",-0.7958279,
"AUT","BOP","TOT","PC_GDP","A","2002",2.10157,
"AUT","BOP","TOT","PC_GDP","A","2003",1.546607,
"AUT","BOP","TOT","PC_GDP","A","2004",2.075526,
"AUT","BOP","TOT","PC_GDP","A","2005",2.257994,
"AUT","BOP","TOT","PC_GDP","A","2006",3.294322,
"AUT","BOP","TOT","PC_GDP","A","2007",3.802408,
"AUT","BOP","TOT","PC_GDP","A","2008",4.48969,
"AUT","BOP","TOT","PC_GDP","A","2009",2.596825,
"AUT","BOP","TOT","PC_GDP","A","2010",2.855051,
"AUT","BOP","TOT","PC_GDP","A","2011",1.630936,
"AUT","BOP","TOT","PC_GDP","A","2012",1.48249,
"AUT","BOP","TOT","PC_GDP","A","2013",1.942205,
"AUT","BOP","TOT","PC_GDP","A","2014",2.47369,
"AUT","BOP","TOT","PC_GDP","A","2015",1.725394,
"AUT","BOP","TOT","PC_GDP","A","2016",2.723933,
"AUT","BOP","TOT","PC_GDP","A","2017",1.373991,
"AUT","BOP","TOT","PC_GDP","A","2018",0.9044586,
"AUT","BOP","TOT","PC_GDP","A","2019",2.092481,
"AUT","BOP","TOT","PC_GDP","A","2020",1.899185,
"BEL","BOP","TOT","PC_GDP","A","2003",3.536817,
"BEL","BOP","TOT","PC_GDP","A","2004",3.285223,
"BEL","BOP","TOT","PC_GDP","A","2005",2.108687,
"BEL","BOP","TOT","PC_GDP","A","2006",1.915518,
"BEL","BOP","TOT","PC_GDP","A","2007",1.968031,
"BEL","BOP","TOT","PC_GDP","A","2008",-1.007346,
"BEL","BOP","TOT","PC_GDP","A","2009",1.602425,
"BEL","BOP","TOT","PC_GDP","A","2010",1.633277,
"BEL","BOP","TOT","PC_GDP","A","2011",-1.951463,
"BEL","BOP","TOT","PC_GDP","A","2012",-0.07561136,
"BEL","BOP","TOT","PC_GDP","A","2013",0.9463101,
"BEL","BOP","TOT","PC_GDP","A","2014",0.7708317,
"BEL","BOP","TOT","PC_GDP","A","2015",1.37997,
"BEL","BOP","TOT","PC_GDP","A","2016",0.5624985,
"BEL","BOP","TOT","PC_GDP","A","2017",0.7005551,
"BEL","BOP","TOT","PC_GDP","A","2018",-0.8047066,
"BEL","BOP","TOT","PC_GDP","A","2019",0.1458076,
"BEL","BOP","TOT","PC_GDP","A","2020",0.8259718,"P"
"CZE","BOP","TOT","PC_GDP","A","1995",-2.276872,
"CZE","BOP","TOT","PC_GDP","A","1996",-6.104141,
"CZE","BOP","TOT","PC_GDP","A","1997",-5.786894,
"CZE","BOP","TOT","PC_GDP","A","1998",-1.882871,
"CZE","BOP","TOT","PC_GDP","A","1999",-2.251455,
"CZE","BOP","TOT","PC_GDP","A","2000",-4.386143,
"CZE","BOP","TOT","PC_GDP","A","2001",-4.856487,
"CZE","BOP","TOT","PC_GDP","A","2002",-5.071005,
"CZE","BOP","TOT","PC_GDP","A","2003",-5.676173,
"CZE","BOP","TOT","PC_GDP","A","2004",-3.757173,
"CZE","BOP","TOT","PC_GDP","A","2005",-2.112085,
"CZE","BOP","TOT","PC_GDP","A","2006",-2.442245,
"CZE","BOP","TOT","PC_GDP","A","2007",-4.582458,
"CZE","BOP","TOT","PC_GDP","A","2008",-1.869585,
"CZE","BOP","TOT","PC_GDP","A","2009",-2.252009,
"CZE","BOP","TOT","PC_GDP","A","2010",-3.541201,
"CZE","BOP","TOT","PC_GDP","A","2011",-2.094458,
"CZE","BOP","TOT","PC_GDP","A","2012",-1.548782,
"CZE","BOP","TOT","PC_GDP","A","2013",-0.5393522,
"CZE","BOP","TOT","PC_GDP","A","2014",0.1922667,
"CZE","BOP","TOT","PC_GDP","A","2015",0.4470931,
"CZE","BOP","TOT","PC_GDP","A","2016",1.789378,
"CZE","BOP","TOT","PC_GDP","A","2017",1.564971,
"CZE","BOP","TOT","PC_GDP","A","2018",0.4362242,
"CZE","BOP","TOT","PC_GDP","A","2019",0.3313695,
"CZE","BOP","TOT","PC_GDP","A","2020",1.951093,
"DNK","BOP","TOT","PC_GDP","A","2005",4.190618,
"DNK","BOP","TOT","PC_GDP","A","2006",3.330325,
"DNK","BOP","TOT","PC_GDP","A","2007",1.429468,
"DNK","BOP","TOT","PC_GDP","A","2008",2.916387,
"DNK","BOP","TOT","PC_GDP","A","2009",3.465112,
"DNK","BOP","TOT","PC_GDP","A","2010",6.552596,
"DNK","BOP","TOT","PC_GDP","A","2011",6.5847,
"DNK","BOP","TOT","PC_GDP","A","2012",6.27741,
"DNK","BOP","TOT","PC_GDP","A","2013",7.756201,
"DNK","BOP","TOT","PC_GDP","A","2014",8.914871,
"DNK","BOP","TOT","PC_GDP","A","2015",8.24747,
"DNK","BOP","TOT","PC_GDP","A","2016",7.76296,
"DNK","BOP","TOT","PC_GDP","A","2017",8.0097,
"DNK","BOP","TOT","PC_GDP","A","2018",7.264421,
"DNK","BOP","TOT","PC_GDP","A","2019",8.802377,
"DNK","BOP","TOT","PC_GDP","A","2020",8.156905,
"FIN","BOP","TOT","PC_GDP","A","1995",4.159308,
"FIN","BOP","TOT","PC_GDP","A","1996",3.862732,
"FIN","BOP","TOT","PC_GDP","A","1997",5.121835,
"FIN","BOP","TOT","PC_GDP","A","1998",5.113034,
"FIN","BOP","TOT","PC_GDP","A","1999",5.157384,
"FIN","BOP","TOT","PC_GDP","A","2000",7.528878,
"FIN","BOP","TOT","PC_GDP","A","2001",8.048151,
"FIN","BOP","TOT","PC_GDP","A","2002",8.215918,
"FIN","BOP","TOT","PC_GDP","A","2003",4.639505,
"FIN","BOP","TOT","PC_GDP","A","2004",5.759619,
"FIN","BOP","TOT","PC_GDP","A","2005",3.033661,
"FIN","BOP","TOT","PC_GDP","A","2006",3.929258,
"FIN","BOP","TOT","PC_GDP","A","2007",4.021753,
"FIN","BOP","TOT","PC_GDP","A","2008",2.54039,
"FIN","BOP","TOT","PC_GDP","A","2009",1.990463,
"FIN","BOP","TOT","PC_GDP","A","2010",1.496666,
"FIN","BOP","TOT","PC_GDP","A","2011",-1.432135,
"FIN","BOP","TOT","PC_GDP","A","2012",-2.051967,
"FIN","BOP","TOT","PC_GDP","A","2013",-1.797003,
"FIN","BOP","TOT","PC_GDP","A","2014",-1.33305,
"FIN","BOP","TOT","PC_GDP","A","2015",-0.9361646,
"FIN","BOP","TOT","PC_GDP","A","2016",-1.998402,
"FIN","BOP","TOT","PC_GDP","A","2017",-0.8054067,
"FIN","BOP","TOT","PC_GDP","A","2018",-1.84582,
"FIN","BOP","TOT","PC_GDP","A","2019",-0.3099102,
"FIN","BOP","TOT","PC_GDP","A","2020",0.7207638,
"FRA","BOP","TOT","PC_GDP","A","1999",3.41938,
"FRA","BOP","TOT","PC_GDP","A","2000",1.106011,
"FRA","BOP","TOT","PC_GDP","A","2001",1.573261,
"FRA","BOP","TOT","PC_GDP","A","2002",1.149043,
"FRA","BOP","TOT","PC_GDP","A","2003",0.8326429,
"FRA","BOP","TOT","PC_GDP","A","2004",0.5371252,
"FRA","BOP","TOT","PC_GDP","A","2005",0.1047632,
"FRA","BOP","TOT","PC_GDP","A","2006",0.2498751,
"FRA","BOP","TOT","PC_GDP","A","2007",-0.09666307,
"FRA","BOP","TOT","PC_GDP","A","2008",-0.6955507,
"FRA","BOP","TOT","PC_GDP","A","2009",-0.5508509,
"FRA","BOP","TOT","PC_GDP","A","2010",-0.6344102,
"FRA","BOP","TOT","PC_GDP","A","2011",-0.8649863,
"FRA","BOP","TOT","PC_GDP","A","2012",-0.9653881,
"FRA","BOP","TOT","PC_GDP","A","2013",-0.5096301,
"FRA","BOP","TOT","PC_GDP","A","2014",-0.9577363,
"FRA","BOP","TOT","PC_GDP","A","2015",-0.3660504,
"FRA","BOP","TOT","PC_GDP","A","2016",-0.487022,
"FRA","BOP","TOT","PC_GDP","A","2017",-0.7701102,
"FRA","BOP","TOT","PC_GDP","A","2018",-0.83407,
"FRA","BOP","TOT","PC_GDP","A","2019",-0.2924407,
"FRA","BOP","TOT","PC_GDP","A","2020",-1.873498,
"DEU","BOP","TOT","PC_GDP","A","1995",-1.244835,
"DEU","BOP","TOT","PC_GDP","A","1996",-0.6756282,
"DEU","BOP","TOT","PC_GDP","A","1997",-0.5144041,
"DEU","BOP","TOT","PC_GDP","A","1998",-0.7109861,
"DEU","BOP","TOT","PC_GDP","A","1999",-1.425829,
"DEU","BOP","TOT","PC_GDP","A","2000",-1.759739,
"DEU","BOP","TOT","PC_GDP","A","2001",-0.3705187,
"DEU","BOP","TOT","PC_GDP","A","2002",1.884357,
"DEU","BOP","TOT","PC_GDP","A","2003",1.409229,
"DEU","BOP","TOT","PC_GDP","A","2004",4.535044,
"DEU","BOP","TOT","PC_GDP","A","2005",4.682991,
"DEU","BOP","TOT","PC_GDP","A","2006",5.761066,
"DEU","BOP","TOT","PC_GDP","A","2007",6.852818,
"DEU","BOP","TOT","PC_GDP","A","2008",5.693708,
"DEU","BOP","TOT","PC_GDP","A","2009",5.834873,
"DEU","BOP","TOT","PC_GDP","A","2010",5.754643,
"DEU","BOP","TOT","PC_GDP","A","2011",6.22299,
"DEU","BOP","TOT","PC_GDP","A","2012",7.127851,
"DEU","BOP","TOT","PC_GDP","A","2013",6.54463,
"DEU","BOP","TOT","PC_GDP","A","2014",7.191812,
"DEU","BOP","TOT","PC_GDP","A","2015",8.606025,
"DEU","BOP","TOT","PC_GDP","A","2016",8.52473,
"DEU","BOP","TOT","PC_GDP","A","2017",7.794733,
"DEU","BOP","TOT","PC_GDP","A","2018",7.943275,"P"
"DEU","BOP","TOT","PC_GDP","A","2019",7.554944,"P"
"DEU","BOP","TOT","PC_GDP","A","2020",7.060439,"P"
"GRC","BOP","TOT","PC_GDP","A","2002",-6.830385,
"GRC","BOP","TOT","PC_GDP","A","2003",-8.450858,
"GRC","BOP","TOT","PC_GDP","A","2004",-7.710263,
"GRC","BOP","TOT","PC_GDP","A","2005",-8.870605,
"GRC","BOP","TOT","PC_GDP","A","2006",-11.48619,
"GRC","BOP","TOT","PC_GDP","A","2007",-15.18772,
"GRC","BOP","TOT","PC_GDP","A","2008",-15.11258,
"GRC","BOP","TOT","PC_GDP","A","2009",-12.34601,
"GRC","BOP","TOT","PC_GDP","A","2010",-10.10646,"B"
"GRC","BOP","TOT","PC_GDP","A","2011",-8.769936,
"GRC","BOP","TOT","PC_GDP","A","2012",-3.536457,
"GRC","BOP","TOT","PC_GDP","A","2013",-1.438702,
"GRC","BOP","TOT","PC_GDP","A","2014",-0.7447698,
"GRC","BOP","TOT","PC_GDP","A","2015",-0.8147697,
"GRC","BOP","TOT","PC_GDP","A","2016",-1.747909,
"GRC","BOP","TOT","PC_GDP","A","2017",-1.925345,
"GRC","BOP","TOT","PC_GDP","A","2018",-2.91327,
"GRC","BOP","TOT","PC_GDP","A","2019",-1.488128,"P"
"GRC","BOP","TOT","PC_GDP","A","2020",-6.632938,"P"
"HUN","BOP","TOT","PC_GDP","A","1995",-3.571485,
"HUN","BOP","TOT","PC_GDP","A","1996",-3.899721,
"HUN","BOP","TOT","PC_GDP","A","1997",-4.416793,
"HUN","BOP","TOT","PC_GDP","A","1998",-7.600266,
"HUN","BOP","TOT","PC_GDP","A","1999",-8.34649,
"HUN","BOP","TOT","PC_GDP","A","2000",-8.810684,
"HUN","BOP","TOT","PC_GDP","A","2001",-6.166531,
"HUN","BOP","TOT","PC_GDP","A","2002",-6.332356,
"HUN","BOP","TOT","PC_GDP","A","2003",-8.231911,
"HUN","BOP","TOT","PC_GDP","A","2004",-9.072284,
"HUN","BOP","TOT","PC_GDP","A","2005",-7.172083,
"HUN","BOP","TOT","PC_GDP","A","2006",-7.282614,
"HUN","BOP","TOT","PC_GDP","A","2007",-7.255006,
"HUN","BOP","TOT","PC_GDP","A","2008",-7.066951,
"HUN","BOP","TOT","PC_GDP","A","2009",-0.7301598,
"HUN","BOP","TOT","PC_GDP","A","2010",0.291064,
"HUN","BOP","TOT","PC_GDP","A","2011",0.5732902,
"HUN","BOP","TOT","PC_GDP","A","2012",1.571651,
"HUN","BOP","TOT","PC_GDP","A","2013",3.43761,
"HUN","BOP","TOT","PC_GDP","A","2014",1.144705,
"HUN","BOP","TOT","PC_GDP","A","2015",2.312465,
"HUN","BOP","TOT","PC_GDP","A","2016",4.52549,
"HUN","BOP","TOT","PC_GDP","A","2017",1.959798,
"HUN","BOP","TOT","PC_GDP","A","2018",0.1986487,
"HUN","BOP","TOT","PC_GDP","A","2019",-0.69442,
"HUN","BOP","TOT","PC_GDP","A","2020",-1.12534,
"IRL","BOP","TOT","PC_GDP","A","2002",0.2471368,
"IRL","BOP","TOT","PC_GDP","A","2003",0.4925248,
"IRL","BOP","TOT","PC_GDP","A","2004",-0.09791355,
"IRL","BOP","TOT","PC_GDP","A","2005",-3.539848,
"IRL","BOP","TOT","PC_GDP","A","2006",-5.353289,
"IRL","BOP","TOT","PC_GDP","A","2007",-6.510549,
"IRL","BOP","TOT","PC_GDP","A","2008",-6.253104,
"IRL","BOP","TOT","PC_GDP","A","2009",-4.663233,
"IRL","BOP","TOT","PC_GDP","A","2010",-1.200862,
"IRL","BOP","TOT","PC_GDP","A","2011",-1.636035,
"IRL","BOP","TOT","PC_GDP","A","2012",-3.380381,
"IRL","BOP","TOT","PC_GDP","A","2013",1.552857,
"IRL","BOP","TOT","PC_GDP","A","2014",1.074724,
"IRL","BOP","TOT","PC_GDP","A","2015",4.39726,
"IRL","BOP","TOT","PC_GDP","A","2016",-4.210946,
"IRL","BOP","TOT","PC_GDP","A","2017",0.4910327,
"IRL","BOP","TOT","PC_GDP","A","2018",5.241643,
"IRL","BOP","TOT","PC_GDP","A","2019",-19.85015,
"IRL","BOP","TOT","PC_GDP","A","2020",-2.65241,
"ITA","BOP","TOT","PC_GDP","A","1995",2.382615,
"ITA","BOP","TOT","PC_GDP","A","1996",3.291152,
"ITA","BOP","TOT","PC_GDP","A","1997",2.952552,
"ITA","BOP","TOT","PC_GDP","A","1998",2.05228,
"ITA","BOP","TOT","PC_GDP","A","1999",0.8076816,
"ITA","BOP","TOT","PC_GDP","A","2000",-0.2680693,
"ITA","BOP","TOT","PC_GDP","A","2001",0.1534231,
"ITA","BOP","TOT","PC_GDP","A","2002",-0.4930517,
"ITA","BOP","TOT","PC_GDP","A","2003",-0.7919226,
"ITA","BOP","TOT","PC_GDP","A","2004",-0.4789968,
"ITA","BOP","TOT","PC_GDP","A","2005",-0.882658,
"ITA","BOP","TOT","PC_GDP","A","2006",-1.478662,
"ITA","BOP","TOT","PC_GDP","A","2007",-1.362174,
"ITA","BOP","TOT","PC_GDP","A","2008",-2.808217,
"ITA","BOP","TOT","PC_GDP","A","2009",-1.886075,
"ITA","BOP","TOT","PC_GDP","A","2010",-3.293384,
"ITA","BOP","TOT","PC_GDP","A","2011",-2.82347,
"ITA","BOP","TOT","PC_GDP","A","2012",-0.2285851,
"ITA","BOP","TOT","PC_GDP","A","2013",1.1129,
"ITA","BOP","TOT","PC_GDP","A","2014",1.894393,
"ITA","BOP","TOT","PC_GDP","A","2015",1.434967,
"ITA","BOP","TOT","PC_GDP","A","2016",2.603027,
"ITA","BOP","TOT","PC_GDP","A","2017",2.582714,
"ITA","BOP","TOT","PC_GDP","A","2018",2.527287,
"ITA","BOP","TOT","PC_GDP","A","2019",3.22109,
"ITA","BOP","TOT","PC_GDP","A","2020",3.685349,
"LUX","BOP","TOT","PC_GDP","A","1995",11.37964,
"LUX","BOP","TOT","PC_GDP","A","1996",10.6665,
"LUX","BOP","TOT","PC_GDP","A","1997",9.893017,
"LUX","BOP","TOT","PC_GDP","A","1998",9.010837,
"LUX","BOP","TOT","PC_GDP","A","1999",7.959552,
"LUX","BOP","TOT","PC_GDP","A","2000",12.64166,
"LUX","BOP","TOT","PC_GDP","A","2001",8.263609,
"LUX","BOP","TOT","PC_GDP","A","2002",7.589967,
"LUX","BOP","TOT","PC_GDP","A","2003",7.012147,
"LUX","BOP","TOT","PC_GDP","A","2004",7.094083,
"LUX","BOP","TOT","PC_GDP","A","2005",6.928394,
"LUX","BOP","TOT","PC_GDP","A","2006",6.685474,
"LUX","BOP","TOT","PC_GDP","A","2007",6.499157,
"LUX","BOP","TOT","PC_GDP","A","2008",6.237725,
"LUX","BOP","TOT","PC_GDP","A","2009",5.588391,
"LUX","BOP","TOT","PC_GDP","A","2010",5.756273,
"LUX","BOP","TOT","PC_GDP","A","2011",5.644516,
"LUX","BOP","TOT","PC_GDP","A","2012",5.28699,
"LUX","BOP","TOT","PC_GDP","A","2013",4.646667,
"LUX","BOP","TOT","PC_GDP","A","2014",4.654901,
"LUX","BOP","TOT","PC_GDP","A","2015",4.846876,
"LUX","BOP","TOT","PC_GDP","A","2016",4.669048,
"LUX","BOP","TOT","PC_GDP","A","2017",4.743489,
"LUX","BOP","TOT","PC_GDP","A","2018",4.617401,
"LUX","BOP","TOT","PC_GDP","A","2019",4.700713,
"LUX","BOP","TOT","PC_GDP","A","2020",3.824978,
"NLD","BOP","TOT","PC_GDP","A","2004",7.597964,
"NLD","BOP","TOT","PC_GDP","A","2005",7.052993,
"NLD","BOP","TOT","PC_GDP","A","2006",9.083224,
"NLD","BOP","TOT","PC_GDP","A","2007",6.875163,
"NLD","BOP","TOT","PC_GDP","A","2008",4.973406,
"NLD","BOP","TOT","PC_GDP","A","2009",5.419213,
"NLD","BOP","TOT","PC_GDP","A","2010",6.966532,
"NLD","BOP","TOT","PC_GDP","A","2011",8.599408,
"NLD","BOP","TOT","PC_GDP","A","2012",10.21882,
"NLD","BOP","TOT","PC_GDP","A","2013",9.760126,
"NLD","BOP","TOT","PC_GDP","A","2014",8.490728,
"NLD","BOP","TOT","PC_GDP","A","2015",6.322472,
"NLD","BOP","TOT","PC_GDP","A","2016",8.0559,
"NLD","BOP","TOT","PC_GDP","A","2017",10.82509,
"NLD","BOP","TOT","PC_GDP","A","2018",10.83487,
"NLD","BOP","TOT","PC_GDP","A","2019",9.355912,"P"
"NLD","BOP","TOT","PC_GDP","A","2020",6.952423,"P"
"POL","BOP","TOT","PC_GDP","A","2004",-5.807339,
"POL","BOP","TOT","PC_GDP","A","2005",-2.887294,
"POL","BOP","TOT","PC_GDP","A","2006",-4.287138,
"POL","BOP","TOT","PC_GDP","A","2007",-6.638815,
"POL","BOP","TOT","PC_GDP","A","2008",-6.950967,
"POL","BOP","TOT","PC_GDP","A","2009",-4.119062,
"POL","BOP","TOT","PC_GDP","A","2010",-5.53368,
"POL","BOP","TOT","PC_GDP","A","2011",-5.397836,
"POL","BOP","TOT","PC_GDP","A","2012",-4.048308,
"POL","BOP","TOT","PC_GDP","A","2013",-1.799002,
"POL","BOP","TOT","PC_GDP","A","2014",-2.598783,
"POL","BOP","TOT","PC_GDP","A","2015",-0.9218887,
"POL","BOP","TOT","PC_GDP","A","2016",-0.7920406,
"POL","BOP","TOT","PC_GDP","A","2017",-0.339089,
"POL","BOP","TOT","PC_GDP","A","2018",-1.316254,
"POL","BOP","TOT","PC_GDP","A","2019",0.4616007,
"POL","BOP","TOT","PC_GDP","A","2020",2.949951,
"PRT","BOP","TOT","PC_GDP","A","1996",-4.511827,
"PRT","BOP","TOT","PC_GDP","A","1997",-6.169638,
"PRT","BOP","TOT","PC_GDP","A","1998",-7.548625,
"PRT","BOP","TOT","PC_GDP","A","1999",-8.850241,
"PRT","BOP","TOT","PC_GDP","A","2000",-10.80554,
"PRT","BOP","TOT","PC_GDP","A","2001",-10.45549,
"PRT","BOP","TOT","PC_GDP","A","2002",-8.385064,
"PRT","BOP","TOT","PC_GDP","A","2003",-6.623682,
"PRT","BOP","TOT","PC_GDP","A","2004",-7.94649,
"PRT","BOP","TOT","PC_GDP","A","2005",-9.584967,
"PRT","BOP","TOT","PC_GDP","A","2006",-10.27387,
"PRT","BOP","TOT","PC_GDP","A","2007",-9.607676,
"PRT","BOP","TOT","PC_GDP","A","2008",-11.83234,
"PRT","BOP","TOT","PC_GDP","A","2009",-10.29326,
"PRT","BOP","TOT","PC_GDP","A","2010",-10.25826,
"PRT","BOP","TOT","PC_GDP","A","2011",-5.955632,
"PRT","BOP","TOT","PC_GDP","A","2012",-1.598944,
"PRT","BOP","TOT","PC_GDP","A","2013",1.632803,
"PRT","BOP","TOT","PC_GDP","A","2014",0.1588215,
"PRT","BOP","TOT","PC_GDP","A","2015",0.2275591,
"PRT","BOP","TOT","PC_GDP","A","2016",1.168843,
"PRT","BOP","TOT","PC_GDP","A","2017",1.294916,
"PRT","BOP","TOT","PC_GDP","A","2018",0.5637227,
"PRT","BOP","TOT","PC_GDP","A","2019",0.4366035,
"PRT","BOP","TOT","PC_GDP","A","2020",-1.077003,"P"
"SVK","BOP","TOT","PC_GDP","A","2004",-7.614803,
"SVK","BOP","TOT","PC_GDP","A","2005",-8.223135,
"SVK","BOP","TOT","PC_GDP","A","2006",-7.703651,
"SVK","BOP","TOT","PC_GDP","A","2007",-5.214424,
"SVK","BOP","TOT","PC_GDP","A","2008",-6.224668,
"SVK","BOP","TOT","PC_GDP","A","2009",-3.48888,
"SVK","BOP","TOT","PC_GDP","A","2010",-4.642598,
"SVK","BOP","TOT","PC_GDP","A","2011",-4.910376,
"SVK","BOP","TOT","PC_GDP","A","2012",0.9260944,
"SVK","BOP","TOT","PC_GDP","A","2013",1.863307,
"SVK","BOP","TOT","PC_GDP","A","2014",1.144357,
"SVK","BOP","TOT","PC_GDP","A","2015",-2.092965,
"SVK","BOP","TOT","PC_GDP","A","2016",-2.739804,
"SVK","BOP","TOT","PC_GDP","A","2017",-1.927159,
"SVK","BOP","TOT","PC_GDP","A","2018",-2.191024,
"SVK","BOP","TOT","PC_GDP","A","2019",-3.357814,
"SVK","BOP","TOT","PC_GDP","A","2020",0.43286,
"ESP","BOP","TOT","PC_GDP","A","1995",-1.253303,
"ESP","BOP","TOT","PC_GDP","A","1996",-0.8603488,
"ESP","BOP","TOT","PC_GDP","A","1997",-0.7259479,
"ESP","BOP","TOT","PC_GDP","A","1998",-1.673444,
"ESP","BOP","TOT","PC_GDP","A","1999",-3.230261,
"ESP","BOP","TOT","PC_GDP","A","2000",-4.307456,
"ESP","BOP","TOT","PC_GDP","A","2001",-4.378305,
"ESP","BOP","TOT","PC_GDP","A","2002",-3.728235,
"ESP","BOP","TOT","PC_GDP","A","2003",-3.879564,
"ESP","BOP","TOT","PC_GDP","A","2004",-5.47244,
"ESP","BOP","TOT","PC_GDP","A","2005",-7.250837,
"ESP","BOP","TOT","PC_GDP","A","2006",-8.843572,
"ESP","BOP","TOT","PC_GDP","A","2007",-9.42337,
"ESP","BOP","TOT","PC_GDP","A","2008",-8.899204,
"ESP","BOP","TOT","PC_GDP","A","2009",-4.086993,
"ESP","BOP","TOT","PC_GDP","A","2010",-3.656373,
"ESP","BOP","TOT","PC_GDP","A","2011",-2.723432,
"ESP","BOP","TOT","PC_GDP","A","2012",0.09919504,
"ESP","BOP","TOT","PC_GDP","A","2013",2.038198,
"ESP","BOP","TOT","PC_GDP","A","2014",1.695864,
"ESP","BOP","TOT","PC_GDP","A","2015",2.026935,
"ESP","BOP","TOT","PC_GDP","A","2016",3.173892,
"ESP","BOP","TOT","PC_GDP","A","2017",2.773114,
"ESP","BOP","TOT","PC_GDP","A","2018",1.882553,
"ESP","BOP","TOT","PC_GDP","A","2019",2.106516,"P"
"ESP","BOP","TOT","PC_GDP","A","2020",0.8005495,"P"
"SWE","BOP","TOT","PC_GDP","A","1995",3.149019,
"SWE","BOP","TOT","PC_GDP","A","1996",3.299913,
"SWE","BOP","TOT","PC_GDP","A","1997",3.842118,
"SWE","BOP","TOT","PC_GDP","A","1998",3.576369,
"SWE","BOP","TOT","PC_GDP","A","1999",3.885093,
"SWE","BOP","TOT","PC_GDP","A","2000",3.909091,
"SWE","BOP","TOT","PC_GDP","A","2001",4.678598,
"SWE","BOP","TOT","PC_GDP","A","2002",4.43693,
"SWE","BOP","TOT","PC_GDP","A","2003",5.815965,
"SWE","BOP","TOT","PC_GDP","A","2004",5.959291,
"SWE","BOP","TOT","PC_GDP","A","2005",6.006936,
"SWE","BOP","TOT","PC_GDP","A","2006",8.134598,
"SWE","BOP","TOT","PC_GDP","A","2007",8.100191,
"SWE","BOP","TOT","PC_GDP","A","2008",7.791506,
"SWE","BOP","TOT","PC_GDP","A","2009",5.935934,
"SWE","BOP","TOT","PC_GDP","A","2010",5.874089,
"SWE","BOP","TOT","PC_GDP","A","2011",5.466804,
"SWE","BOP","TOT","PC_GDP","A","2012",5.493858,
"SWE","BOP","TOT","PC_GDP","A","2013",5.22765,
"SWE","BOP","TOT","PC_GDP","A","2014",4.212566,
"SWE","BOP","TOT","PC_GDP","A","2015",3.320149,
"SWE","BOP","TOT","PC_GDP","A","2016",2.391381,
"SWE","BOP","TOT","PC_GDP","A","2017",2.948284,
"SWE","BOP","TOT","PC_GDP","A","2018",2.711198,
"SWE","BOP","TOT","PC_GDP","A","2019",5.4933,
"SWE","BOP","TOT","PC_GDP","A","2020",6.061422,
"CHE","BOP","TOT","PC_GDP","A","1995",4.85315,
"CHE","BOP","TOT","PC_GDP","A","1996",5.322117,
"CHE","BOP","TOT","PC_GDP","A","1997",8.411652,
"CHE","BOP","TOT","PC_GDP","A","1998",7.570869,
"CHE","BOP","TOT","PC_GDP","A","1999",8.48066,
"CHE","BOP","TOT","PC_GDP","A","2000",10.61864,
"CHE","BOP","TOT","PC_GDP","A","2001",6.800905,
"CHE","BOP","TOT","PC_GDP","A","2002",6.943583,
"CHE","BOP","TOT","PC_GDP","A","2003",10.99913,
"CHE","BOP","TOT","PC_GDP","A","2004",12.83519,
"CHE","BOP","TOT","PC_GDP","A","2005",11.62118,
"CHE","BOP","TOT","PC_GDP","A","2006",12.74039,
"CHE","BOP","TOT","PC_GDP","A","2007",8.688949,
"CHE","BOP","TOT","PC_GDP","A","2008",1.532291,
"CHE","BOP","TOT","PC_GDP","A","2009",6.082907,
"CHE","BOP","TOT","PC_GDP","A","2010",13.4957,
"CHE","BOP","TOT","PC_GDP","A","2011",6.807548,
"CHE","BOP","TOT","PC_GDP","A","2012",9.442207,
"CHE","BOP","TOT","PC_GDP","A","2013",10.14704,
"CHE","BOP","TOT","PC_GDP","A","2014",7.514993,
"CHE","BOP","TOT","PC_GDP","A","2015",9.444222,
"CHE","BOP","TOT","PC_GDP","A","2016",7.999864,
"CHE","BOP","TOT","PC_GDP","A","2017",6.254908,
"CHE","BOP","TOT","PC_GDP","A","2018",6.089698,
"CHE","BOP","TOT","PC_GDP","A","2019",5.424137,
"CHE","BOP","TOT","PC_GDP","A","2020",2.872289,
"EST","BOP","TOT","PC_GDP","A","1995",-4.096467,
"EST","BOP","TOT","PC_GDP","A","1996",-8.307295,
"EST","BOP","TOT","PC_GDP","A","1997",-10.89751,
"EST","BOP","TOT","PC_GDP","A","1998",-8.477126,
"EST","BOP","TOT","PC_GDP","A","1999",-4.284011,
"EST","BOP","TOT","PC_GDP","A","2000",-5.311597,
"EST","BOP","TOT","PC_GDP","A","2001",-7.054564,
"EST","BOP","TOT","PC_GDP","A","2002",-11.06324,
"EST","BOP","TOT","PC_GDP","A","2003",-12.84195,
"EST","BOP","TOT","PC_GDP","A","2004",-11.97883,
"EST","BOP","TOT","PC_GDP","A","2005",-8.588043,
"EST","BOP","TOT","PC_GDP","A","2006",-14.86185,
"EST","BOP","TOT","PC_GDP","A","2007",-14.93622,
"EST","BOP","TOT","PC_GDP","A","2008",-8.612218,
"EST","BOP","TOT","PC_GDP","A","2009",2.568667,
"EST","BOP","TOT","PC_GDP","A","2010",1.778777,
"EST","BOP","TOT","PC_GDP","A","2011",1.275693,
"EST","BOP","TOT","PC_GDP","A","2012",-1.876708,
"EST","BOP","TOT","PC_GDP","A","2013",0.2978622,
"EST","BOP","TOT","PC_GDP","A","2014",0.6960287,
"EST","BOP","TOT","PC_GDP","A","2015",1.772022,
"EST","BOP","TOT","PC_GDP","A","2016",1.235859,
"EST","BOP","TOT","PC_GDP","A","2017",2.283696,
"EST","BOP","TOT","PC_GDP","A","2018",0.8259051,
"EST","BOP","TOT","PC_GDP","A","2019",2.532607,
"EST","BOP","TOT","PC_GDP","A","2020",-0.1124698,
"SVN","BOP","TOT","PC_GDP","A","1995",-0.6725555,
"SVN","BOP","TOT","PC_GDP","A","1996",0.04751129,
"SVN","BOP","TOT","PC_GDP","A","1997",0.07715249,
"SVN","BOP","TOT","PC_GDP","A","1998",-0.8981369,
"SVN","BOP","TOT","PC_GDP","A","1999",-4.066476,
"SVN","BOP","TOT","PC_GDP","A","2000",-3.275067,
"SVN","BOP","TOT","PC_GDP","A","2001",0.0226194,
"SVN","BOP","TOT","PC_GDP","A","2002",0.9112612,
"SVN","BOP","TOT","PC_GDP","A","2003",-0.8483581,
"SVN","BOP","TOT","PC_GDP","A","2004",-2.727095,
"SVN","BOP","TOT","PC_GDP","A","2005",-1.787859,
"SVN","BOP","TOT","PC_GDP","A","2006",-1.797433,
"SVN","BOP","TOT","PC_GDP","A","2007",-4.085934,
"SVN","BOP","TOT","PC_GDP","A","2008",-5.315238,
"SVN","BOP","TOT","PC_GDP","A","2009",-1.078095,
"SVN","BOP","TOT","PC_GDP","A","2010",-0.771766,
"SVN","BOP","TOT","PC_GDP","A","2011",-0.8365056,
"SVN","BOP","TOT","PC_GDP","A","2012",1.312674,
"SVN","BOP","TOT","PC_GDP","A","2013",3.293011,
"SVN","BOP","TOT","PC_GDP","A","2014",5.092945,
"SVN","BOP","TOT","PC_GDP","A","2015",3.828866,
"SVN","BOP","TOT","PC_GDP","A","2016",4.790061,
"SVN","BOP","TOT","PC_GDP","A","2017",6.186598,
"SVN","BOP","TOT","PC_GDP","A","2018",5.927003,
"SVN","BOP","TOT","PC_GDP","A","2019",5.969141,
"SVN","BOP","TOT","PC_GDP","A","2020",7.390766,
"EA19","BOP","TOT","PC_GDP","A","1999",-0.5417866,
"EA19","BOP","TOT","PC_GDP","A","2000",-1.484608,
"EA19","BOP","TOT","PC_GDP","A","2001",-0.3891567,
"EA19","BOP","TOT","PC_GDP","A","2002",0.6155978,
"EA19","BOP","TOT","PC_GDP","A","2003",0.2444013,
"EA19","BOP","TOT","PC_GDP","A","2004",0.6714574,
"EA19","BOP","TOT","PC_GDP","A","2005",0.06395861,
"EA19","BOP","TOT","PC_GDP","A","2006",-0.1626188,
"EA19","BOP","TOT","PC_GDP","A","2007",0.04382735,
"EA19","BOP","TOT","PC_GDP","A","2008",-1.871361,
"EA19","BOP","TOT","PC_GDP","A","2009",-0.3292594,
"EA19","BOP","TOT","PC_GDP","A","2010",-0.3598798,
"EA19","BOP","TOT","PC_GDP","A","2011",-0.371319,
"EA19","BOP","TOT","PC_GDP","A","2012",0.9675651,
"EA19","BOP","TOT","PC_GDP","A","2013",2.080722,
"EA19","BOP","TOT","PC_GDP","A","2014",2.352225,
"EA19","BOP","TOT","PC_GDP","A","2015",2.678672,
"EA19","BOP","TOT","PC_GDP","A","2016",3.021903,
"EA19","BOP","TOT","PC_GDP","A","2017",3.154197,
"EA19","BOP","TOT","PC_GDP","A","2018",3.053262,
"EA19","BOP","TOT","PC_GDP","A","2019",2.39249,
"EA19","BOP","TOT","PC_GDP","A","2020",1.866126,
"LVA","BOP","TOT","PC_GDP","A","2000",-4.134824,
"LVA","BOP","TOT","PC_GDP","A","2001",-6.813039,
"LVA","BOP","TOT","PC_GDP","A","2002",-6.126307,
"LVA","BOP","TOT","PC_GDP","A","2003",-7.626575,
"LVA","BOP","TOT","PC_GDP","A","2004",-12.18378,
"LVA","BOP","TOT","PC_GDP","A","2005",-11.70376,
"LVA","BOP","TOT","PC_GDP","A","2006",-20.5291,
"LVA","BOP","TOT","PC_GDP","A","2007",-20.80706,
"LVA","BOP","TOT","PC_GDP","A","2008",-12.30435,
"LVA","BOP","TOT","PC_GDP","A","2009",8.157891,
"LVA","BOP","TOT","PC_GDP","A","2010",2.736623,
"LVA","BOP","TOT","PC_GDP","A","2011",-2.732263,
"LVA","BOP","TOT","PC_GDP","A","2012",-3.279443,
"LVA","BOP","TOT","PC_GDP","A","2013",-2.901225,
"LVA","BOP","TOT","PC_GDP","A","2014",-1.599946,
"LVA","BOP","TOT","PC_GDP","A","2015",-0.5331244,
"LVA","BOP","TOT","PC_GDP","A","2016",1.698768,
"LVA","BOP","TOT","PC_GDP","A","2017",1.145105,
"LVA","BOP","TOT","PC_GDP","A","2018",-0.09604317,
"LVA","BOP","TOT","PC_GDP","A","2019",-0.5546996,
"LVA","BOP","TOT","PC_GDP","A","2020",2.96366,
"LTU","BOP","TOT","PC_GDP","A","2004",-7.670282,
"LTU","BOP","TOT","PC_GDP","A","2005",-7.302219,
"LTU","BOP","TOT","PC_GDP","A","2006",-10.57319,
"LTU","BOP","TOT","PC_GDP","A","2007",-15.11553,
"LTU","BOP","TOT","PC_GDP","A","2008",-12.98476,
"LTU","BOP","TOT","PC_GDP","A","2009",1.940253,
"LTU","BOP","TOT","PC_GDP","A","2010",-0.2199842,
"LTU","BOP","TOT","PC_GDP","A","2011",-3.800344,
"LTU","BOP","TOT","PC_GDP","A","2012",-1.482393,
"LTU","BOP","TOT","PC_GDP","A","2013",1.671026,
"LTU","BOP","TOT","PC_GDP","A","2014",3.270687,
"LTU","BOP","TOT","PC_GDP","A","2015",-2.623595,
"LTU","BOP","TOT","PC_GDP","A","2016",-1.022786,
"LTU","BOP","TOT","PC_GDP","A","2017",0.4960226,
"LTU","BOP","TOT","PC_GDP","A","2018",0.2068118,
"LTU","BOP","TOT","PC_GDP","A","2019",3.472379,
"LTU","BOP","TOT","PC_GDP","A","2020",7.348443,
